Aborrskinn;;
Agn;;
Al;;
Albark;;
Alknopp;;
Alkottar;;
Alkotte;;
Alm;;
Amulettring;;
Ask;;
Askl;;
Asp;;
Avenbok;;
Baljfragment;;
Bark;;
Barr;;
Barrträd;;
Basstamdelar;;
Benved;;
Bergssyra;;
Betula;;
Bitterpilört;;
Bivax;;
Bjrök;;
Björkl;;
Björknäver;;
Björn;;
Blandmaterial;;
Bok;;
Brakved;;
Brudberöd;;
Brudbröd;;
Brunskära;;
markvegetation;;
matrester;;
Brännässla;;
;;
ben;;
Bröd;;
kubbvete;;
Brödvete;;
Bärris;;
Bäver;;
Ceerealia indet;;
Ceralia;;
Cerealia;;
Cerelia;;
Cereralia;;
;;
;;
;;
;;
;;
;;
;;
;;
;;
;;
;;
;;
;;
;;
;;
;;
;;
;;
Crerealia;;
Cyperaceae;;
Delfin;;
Dinkel;;
Djurben;;
Dån;;
Däggdjur;;
Däggfjur;;
Ek;;
Ek;;
Ekbark;;
Ekl;;
Ekollon;;
Emme;;
Emmer;;
Emmervete;;
En;;
Enbär;;
Enfrön;;
Enkorn;;
Harts;;
Fisk;;
Fiskben;;
Fiskfjäll;;
Fläder;;
Frökapsel;;
Fröskal;;
Furu;;
Fågel;;
Fågelbär;;
Får;;
Fårlort;;
Fårtand;;
ört;;
granbarr;;
rottrådar;;
Get;;
Getapel;;
Gnagare;;
Gran;;
Granbar;;
Granbarr;;
Gris;;
Gråsäl;;
Gråärt;;
Gräs;;
Grässtrå;;
Grässtrån;;
Gräsätare;;
Grönlandssäl;;
Gröt;;
Gåsört;;
Gädda;;
Hagtorn;;
Hallon;;
Halm;;
Halmstrå;;
Hampa;;
Harts;;
Harts;;
Hasel;;
Hassel;;
Hasselnöt;;
Hasselskal;;
Haver;;
Havre;;
Hirs;;
Hjort;;
Hjortdjur;;
Hjorthår;;
Hjortron;;
Hjärnsubstans;;
;;
;;
nötkreatur;;
Horn;;
Hovdjur;;
Humle;;
Hund;;
Hår;;
Hägg;;
Häst;;
Häst;;
Hästböna;;
Hästsko;;
Hästspillning;;
Hästtand;;
Höna;;
Idegran;;
Idisslare;;
Igelknopp;;
Indet;;
Iris;;
Jlvträd;;
Jurpa;;
Kalkbruk;;
Kalv;;
Katt;;
Knopp;;
Knylhavre;;
Ko;;
Koprolit;;
Korgblommiga;;
Korn;;
Kornell;;
Kornhalm;;
Kotefjjäl;;
Kottefjäll;;
;;
;;
;;
Kronhjort;;
Kråkbär;;
Kubbvete;;
Kvist;;
Kärrsköldpadda;;
Lager;;
Lamm;;
Lid;;
Lin;;
Lind;;
Lindbast;;
Linfiber;;
Linfrö;;
däggdjur;;
Ljung;;
Läder;;
Löbträd;;
Lönn;;
Lövträ;;
Lövträd;;
Makrofossil;;
Maloidea;;
Maloideae;;
Maloidear;;
Matskopa;;
Matskorpa;;
Matskorpa;;
Mjölon;;
Mossa;;
Murgröna;;
Måra;;
Männinska;;
Människa;;
Männska;;
Mört;;
korn;;
kor;;
korn;;
Nate;;
Näver;;
Nörkreatur;;
Nöt;;
Nötboskap;;
Nötfiber;;
Nöthår;;
Nötkreatur;;
Nötkrestur;;
;;
hasselnöt;;
Oförkolnat;;
Ogräs;;
Oid;;
Okänt;;
Olvon;;
;;
Ostron;;
Oxel;;
Palsternacka;;
Pollen;;
Pomoidea;;
Pomoideae;;
;;
;;
Pärlhavre;;
Ramslök;;
ran;;
Ren;;
Renhår;;
Rhizom;;
Ros;;
;;
Rosoideae;;
Rosväxt;;
Rot;;
Rotfilt;;
;;
;;
;;
Rottråd;;
Rottrådar;;
Rotttrådar;;
Rådjur;;
Råg;;
Råglosta;;
Räv;;
Rönn;;
;;
;;
Sik;;
Skalkorn;;
Skalvete;;
Skogskornell;;
Skogsolvon;;
Smidesloppor;;
Småsnärja;;
Smörblomma;;
Snärjmåra;;
;;
;;
emmervete;;
;;
Sot;;
Sotig;;
Spel;;
Spelt;;
Spelt-;;
Speltvete;;
Staeefrukter;;
Stamdelar;;
Starr;;
Starr;;
Starrfrukt;;
Starrfrukter;;
Stenbär;;
gräsätare;;
Igelknopp;;
hovdjur;;
Strå;;
Strå;;
Stål;;
däggdjur;;
Svalört;;
Svalörtsrot;;
Svin;;
Svinbete;;
Svinmålla;;
Syska;;
Säd;;
Sädeskorn;;
Säl;;
Sälg;;
Tagel;;
Tall;;
Tallbark;;
Tallbarr;;
Tallkotte;;
Tallkottefjäll;;
Talll;;
Tamsvin;;
Tandrot;;
Textil;;
Textilfragment;;
Tibast;;
Ticka;;
Tiggarranunkel;;
;;
Torne;;
Torsk;;
Trampört;;
Triticum;;
Triticum;;
Triticum;;
Triticum;;
Triticum;;
Triticum;;
Try;;
Träkol;;
Tuvull;;
Tågvirke;;
Ull;;
Ulltextil;;
Uroxe;;
Vaccinium;;
Vattenstäkra;;
Vete;;
Vicker;;
Vikare;;
Vikaresäl;;
Vildapel;;
Vildsvin;;
Vindruvskärna;;
Växtdelar;;
Åkerkrassling;;
Åkerpilört;;
Älg;;
Äppelkärna;;
Äpple;;
Ärta;;
ört;;
Örtdelar;;
Örtfragment;;
Örtstam;;
Örtstam;;rot
Örtstjälk;;
Örtstjälkar;;
ötkreatur;;
