Original term;Inferred meaning;Common name;Species;Genus;Family;Common name match;Common name id;Species match;Genus match;Family match;Order match;Taxon_id;Genus_id;Family_id;Order_id
Aborrskinn;Aborre (skinn);Aborre;trutta morio;Salmo;Salmonidae;;;;;;;;;;
Agn;Agn (fisk);Agn;eperlanus;Osmerus;Osmeridae;;;;;;;;;;
Al;Al;Al;;Alnus;Betulaceae;;;;Alnus;Betulaceae;Fagales;;263;32;19
Albark;Albark;Al;;Alnus;Betulaceae;;;;Alnus;Betulaceae;Fagales;;263;32;19
Alknopp;Alknopp;Al;;Alnus;Betulaceae;;;;Alnus;Betulaceae;Fagales;;263;32;19
Alkottar;Alkottar;Al;;Alnus;Betulaceae;;;;Alnus;Betulaceae;Fagales;;263;32;19
Alkotte;Alkotte;Al;;Alnus;Betulaceae;;;;Alnus;Betulaceae;Fagales;;263;32;19
Alm;Alm;Alm;;Ulmus;Ulmaceae;;;;Ulmus;Ulmaceae;Rosales;;1061;182;22
Amulettring;Amulettring;Amulettring;;;;;;;;;;;;;
Ask;Ask;Ask;Trifolium pratense var sativum;Fraxinus;Oleaceae;ask;2542;Trifolium pratense var sativum;Fraxinus;Oleaceae;Lamiales;2542;702;124;1
Askl;Asklöv;Ask;Trifolium pratense var sativum;Fraxinus;Oleaceae;ask;2542;Trifolium pratense var sativum;Fraxinus;Oleaceae;Lamiales;2542;702;124;1
Asp;Asp;Asp;Elytrigia juncea;Populus;Salicaceae;asp;3871;Elytrigia juncea;Populus;Salicaceae;Malpighiales;3871;983;158;28
Avenbok;Avenbok;Bok;Carex lepidocarpa;Fagus;Fagaceae;bok;2032;Carex lepidocarpa;Fagus;Fagaceae;Fagales;2032;550;76;19
Baljfragment;Baljfragment;Baljfragment;;;;;;;;;;;;;
Bark;Bark;Bark;;;;;;;;;;;;;
Barr;Barr (generellt);Barr;;;Pinaceae;;;;;Pinaceae;Pinales;;;137;33
Barrträd;Barrträd;Barrträd;;;Pinaceae;;;;;Pinaceae;Pinales;;;137;33
Basstamdelar;Bastamdelar;Bastamdelar;;;;;;;;;;;;;
Benved;Benved (trä);Benved;Rorippa palustris × sylvestris;Rorippa;Brassicaceae;benved;1302;Rorippa palustris × sylvestris;Rorippa;Brassicaceae;Brassicales;1302;342;36;20
Bergssyra;Bergssyra;Bergssyra;;;Sorbus;;;;;;;;;;
Betula;Björk;Björk;;Betula;Betulaceae;;;;Betula;Betulaceae;Fagales;;264;32;19
Bitterpilört;Bitterpilört;Bitterpilört;Epilobium adenocaulon × tetragonum;Epilobium;Gentiana;bitterpilört;3238;Epilobium adenocaulon × tetragonum;Epilobium;Onagraceae;Myrtales;3238;707;125;42
Bivax;Bivax;Bivax;;;;;;;;;;;;;
Bjrök;Björk;Björk;;Betula;Betulaceae;;;;Betula;Betulaceae;Fagales;;264;32;19
Björkl;Björklöv;Björk;;Betula;Betulaceae;;;;Betula;Betulaceae;Fagales;;264;32;19
Björknäver;Björknäver;Björk;;Betula;Betulaceae;;;;Betula;Betulaceae;Fagales;;264;32;19
Björn;Björn;Björn;;Ursus;Ursidae;;;;;;;;;;
Blandmaterial;Blandmaterial;Blandmaterial;;;;;;;;;;;;;
Bok;Bok (träd);Bok;Carex lepidocarpa;Fagus;Fagaceae;bok;2032;Carex lepidocarpa;Fagus;Fagaceae;Fagales;2032;550;76;19
Brakved;Brakved;Brakved;Melampyrum nemorosum;Melampyrum;Orobanchaceae;brakved;3476;Melampyrum nemorosum;Melampyrum;Orobanchaceae;Lamiales;3476;741;128;1
Brudberöd;Brudbröd;Brudbröd;Sesamum orientale;Sesamum;Pedaliaceae;brudbröd;3575;Sesamum orientale;Sesamum;Pedaliaceae;Lamiales;3575;759;135;1
Brudbröd;Brudbröd;Brudbröd;Sesamum orientale;Sesamum;Pedaliaceae;brudbröd;3575;Sesamum orientale;Sesamum;Pedaliaceae;Lamiales;3575;759;135;1
Brunskära;Brunskära;Brunskära;Arctium lappa × nemorosum;Arctium;Asteraceae;brunskära;365;Arctium lappa × nemorosum;Arctium;Asteraceae;Asterales;365;123;27;15
markvegetation;Markvegetation;Markvegetation;;;;;;;;;;;;;
matrester;Matrester;Matrester;;;;;;;;;;;;;
Brännässla;Brännässla;Brännässla;Fallopia baldschuanica;dioica;Urtica;brännässla;4195;Fallopia baldschuanica;Fallopia;Polygonaceae;Caryophyllales;4195;891;144;8
ben;Ben;Ben;;;;;;;;;;;;;
Bröd;Bröd;Bröd;;;;;;;;;;;;;
kubbvete;Kubbvete;Kubbvete;;Triticum;Poaceae;;;;Triticum;Poaceae;Poales;;875;141;34
Brödvete;Brödvete;Vete;Veratrum album;Triticum;Poaceae;vete;3180;Veratrum album;Triticum;Poaceae;Poales;3180;875;141;34
Bärris;Bärris;Bärris;;;;;;;;;;;;;
Bäver;Bäver;Bäver;;Castor;Castoridae;;;;;;;;;;
Ceerealia indet;Cerealia indet;Säd;;;Poaceae;;;;;Poaceae;Poales;;;141;34
Ceralia;Cerealia (säd);Säd;;;Poaceae;;;;;Poaceae;Poales;;;141;34
Cerealia;Cerealia (säd);Säd;;;Poaceae;;;;;Poaceae;Poales;;;141;34
Cerelia;Cerealia (säd);Säd;;;Poaceae;;;;;Poaceae;Poales;;;141;34
Cereralia;Cerealia (säd);Säd;;;Poaceae;;;;;Poaceae;Poales;;;141;34
Crerealia;Cerealia (säd);Säd;;;Poaceae;;;;;Poaceae;Poales;;;141;34
Cyperaceae;Starr (familj);Starr;;;Cyperaceae;;;;;Cyperaceae;Poales;;;63;34
Delfin;Delfin;Delfin;;;Delphinidae;;;;;;;;;;
Dinkel;Dinkel;Spelt;;spelta;Triticum;;;;;;;;;;
Djurben;Djurben;Djurben;;;;;;;;;;;;;
Dån;Dån (kärnved);Kärnved;;vulgare;Hordeum;;;;;;;;;;
Däggdjur;Däggdjur;Däggdjur;;;;;;;;;;;;;
Däggfjur;Däggdjur;Däggdjur;;;;;;;;;;;;;
Ek;Ek;Ek;Carex lepidocarpa ssp lepidocarpa;Quercus;Fagaceae;ek;2035;Carex lepidocarpa ssp lepidocarpa;Quercus;Fagaceae;Fagales;2035;551;76;19
Ek;Ek;Ek;Carex lepidocarpa ssp lepidocarpa;Quercus;Fagaceae;ek;2035;Carex lepidocarpa ssp lepidocarpa;Quercus;Fagaceae;Fagales;2035;551;76;19
Ekbark;Ekbark;Ek;Carex lepidocarpa ssp lepidocarpa;Quercus;Fagaceae;ek;2035;Carex lepidocarpa ssp lepidocarpa;Quercus;Fagaceae;Fagales;2035;551;76;19
Ekl;Eklöv;Ek;Carex lepidocarpa ssp lepidocarpa;Quercus;Fagaceae;ek;2035;Carex lepidocarpa ssp lepidocarpa;Quercus;Fagaceae;Fagales;2035;551;76;19
Ekollon;Ekollon;Ek;Carex lepidocarpa ssp lepidocarpa;Quercus;Fagaceae;ek;2035;Carex lepidocarpa ssp lepidocarpa;Quercus;Fagaceae;Fagales;2035;551;76;19
Emme;Emmer;Emmer;;dicoccum;Triticum;;;;;;;;;;
Emmer;Emmer;Emmer;;dicoccum;Triticum;;;;;;;;;;
Emmervete;Emmervete;Emmer;;dicoccum;Triticum;;;;;;;;;;
En;En;En;Polycarpon tetraphyllum;Juniperus;Cupressaceae;en;1510;Polycarpon tetraphyllum;Juniperus;Cupressaceae;Pinales;1510;450;62;33
Enbär;Enbär;En;Polycarpon tetraphyllum;Juniperus;Cupressaceae;en;1510;Polycarpon tetraphyllum;Juniperus;Cupressaceae;Pinales;1510;450;62;33
Enfrön;Enfrön;Enfrön;;;;;;;;;;;;;
Enkorn;Enkorn;Enkorn;;monococcum;Triticum;;;;;;;;;;
Harts;Harts;Harts;;;;;;;;;;;;;
Fisk;Fisk (generellt);Fisk;;;;;;;;;;;;;
Fiskben;Fiskben;Fisk;;;;;;;;;;;;;
Fiskfjäll;Fiskfjäll;Fisk;;;;;;;;;;;;;
Fläder;Fläder;Fläder;Sambucus ebulus;Sambucus;Adoxaceae;fläder;18;Sambucus ebulus;Sambucus;Adoxaceae;Dipsacales;18;9;6;25
Frökapsel;Frökapsel;Frökapsel;;;;;;;;;;;;;
Fröskal;Fröskal;Fröskal;;;;;;;;;;;;;
Furu;Furu;Furu;;Pinus;Pinaceae;;;;Pinus;Pinaceae;Pinales;;764;137;33
Fågel;Fågel;Fågel;;;;;;;;;;;;;
Fågelbär;Fågelbär;Fågelbär;;;;;;;;;;;;;
Får;Får;Får;;Ovis;Bovidae;;;;;;;;;;
Fårlort;Fårlort;Får;;Ovis;Bovidae;;;;;;;;;;
Fårtand;Fårtand;Får;;Ovis;Bovidae;;;;;;;;;;
ört;Ört;Ört;;;;;;;;;;;;;
granbarr;Granbarr;Gran;Deutzia scabra;Picea;Pinaceae;gran;2782;Deutzia scabra;Picea;Pinaceae;Pinales;2782;763;137;33
rottrådar;Rottrådar;Rottråd;;;;;;;;;;;;;
Get;Get;Get;;Capra;Bovidae;;;;;;;;;;
Getapel;Getäpple;Get;;Capra;Bovidae;;;;;;;;;;
Gnagare;Gnagare;Gnagare;;;;;;;;;;;;;
Gran;Gran;Gran;Deutzia scabra;Picea;Pinaceae;gran;2782;Deutzia scabra;Picea;Pinaceae;Pinales;2782;763;137;33
Granbar;Granbarr;Gran;Deutzia scabra;Picea;Pinaceae;gran;2782;Deutzia scabra;Picea;Pinaceae;Pinales;2782;763;137;33
Granbarr;Granbarr;Gran;Deutzia scabra;Picea;Pinaceae;gran;2782;Deutzia scabra;Picea;Pinaceae;Pinales;2782;763;137;33
Gris;Gris;Gris;;Sus;Suidae;;;;;;;;;;
Gråsäl;Gråsäl;Gråsäl;;groenlandicus;Halichoerus;;;;;;;;;;
Gråärt;Gråärt;Gråärt;;;Pisum;;;;;;;;;;
Gräs;Gräs;Gräs;;;Poaceae;;;;;Poaceae;Poales;;;141;34
Grässtrå;Grässtrå;Gräs;;;Poaceae;;;;;Poaceae;Poales;;;141;34
Grässtrån;Grässtrå;Gräs;;;Poaceae;;;;;Poaceae;Poales;;;141;34
Gräsätare;Gräsätare;Gräsätare;;;;;;;;;;;;;
Grönlandssäl;Grönlandssäl;Grönlandssäl;;greenlandicus;Pagophilus;;;;;;;;;;
Gröt;Gröt;Gröt;;;;;;;;;;;;;
Gåsört;Gåsört;Gåsört;Oxalis articulata;Oxalis;Equisetaceae;gåsört;3523;Oxalis articulata;Oxalis;Equisetaceae;Polypodiales;3523;748;72;5
Gädda;Gädda;Gädda;lucius;Esox;Esocidae;;;;;;;;;;
Hagtorn;Hagtorn;Hagtorn;;Crataegus;Rosaceae;;;;Crataegus;Rosaceae;Rosales;;947;154;22
Hallon;Hallon;Hallon;Alopecurus myosuroides;Rubus;Rosaceae;hallon;3711;Alopecurus myosuroides;Rubus;Rosaceae;Rosales;3711;964;154;22
Halm;Halm;Halm;;;Poaceae;;;;;Poaceae;Poales;;;141;34
Halmstrå;Halmstrå;Halm;;;Poaceae;;;;;Poaceae;Poales;;;141;34
Hampa;Hampa;Hampa;Brassica oleracea var oleracea;sativa;Cannabis;hampa;1118;Brassica oleracea var oleracea;Brassica;Brassicaceae;Brassicales;1118;299;36;20
Harts;Harts;Harts;;;;;;;;;;;;;
Harts;Harts;Harts;;;;;;;;;;;;;
Hasel;Hasel;Hasel;;Corylus;Betulaceae;;;;Corylus;Betulaceae;Fagales;;432;32;19
Hassel;Hassel;Hassel;Dianthus armeria;Corylus;Betulaceae;hassel;1458;Dianthus armeria;Corylus;Betulaceae;Fagales;1458;432;32;19
Hasselnöt;Hasselnöt;Hassel;Dianthus armeria;Corylus;Betulaceae;hassel;1458;Dianthus armeria;Corylus;Betulaceae;Fagales;1458;432;32;19
Hasselskal;Hasselskal;Hassel;Dianthus armeria;Corylus;Betulaceae;hassel;1458;Dianthus armeria;Corylus;Betulaceae;Fagales;1458;432;32;19
Haver;Haver;Haver;;sativa;Avena;;;;;;;;;;
Havre;Haver;Haver;;sativa;Avena;;;;;;;;;;
Hirs;Hirs;Hirs;Fritillaria meleagris;Fritillaria;Panicum;hirs;3088;Fritillaria meleagris;Fritillaria;Liliaceae;Liliales;3088;652;104;9
Hjort;Hjort;Hjort;;elaphus;Cervus;;;;;;;;;;
Hjortdjur;Hjortdjur;Hjortdjur;;;Cervidae;;;;;;;;;;
Hjorthår;Hjorthår;Hjort;;Cervus;Cervidae;;;;;;;;;;
Hjortron;Hjortron;Hjortron;Agrostis stolonifera;vitis-idaea;Vaccinium;hjortron;3692;Agrostis stolonifera;Agrostis;Poaceae;Poales;3692;776;141;34
Hjärnsubstans;Hjärnsubstans;Hjärnsubstans;;;;;;;;;;;;;
nötkreatur;Nötkreatur;Nötkreatur;;Bos;Bovidae;;;;;;;;;;
Horn;Horn;Horn;;;;;;;;;;;;;
Hovdjur;Hovdjur;Hovdjur;;;;;;;;;;;;;
Humle;Humle;Humle;Brassica rapa;lupulus;Humulus;humle;1120;Brassica rapa;Brassica;Brassicaceae;Brassicales;1120;299;36;20
Hund;Hund;Hund;;lupus familiaris;Canis;;;;;;;;;;
Hår;Hår;Hår;;;;;;;;;;;;;
Hägg;Hägg;Hägg;Plantago maritima;Corylus;Betulaceae;hägg;3634;Plantago maritima;Corylus;Betulaceae;Fagales;3634;432;32;19
Häst;Häst;Häst;;caballus;Equus;;;;;;;;;;
Häst;Häst;Häst;;caballus;Equus;;;;;;;;;;
Hästböna;Hästböna;Hästböna;;;Fabaceae;;;;;Fabaceae;Fabales;;;75;36
Hästsko;Hästsko;Hästsko;;;;;;;;;;;;;
Hästspillning;Hästspillning;Häst;;Equus;Equidae;;;;;;;;;;
Hästtand;Hästtand;Häst;;Equus;Equidae;;;;;;;;;;
Höna;Höna;Höna;;gallus;Gallus;;;;;;;;;;
Idegran;Idegran;Idegran;Vulpia myuros;Abies;Pinaceae;idegran;4155;Vulpia myuros;Abies;Pinaceae;Pinales;4155;761;137;33
Idisslare;Idisslare;Idisslare;;;;;;;;;;;;;
Igelknopp;Igelknopp;Igelknopp;Polemonium acutiflorum;Polemonium;Polemoniaceae;igelknopp;4176;Polemonium acutiflorum;Polemonium;Polemoniaceae;Ericales;4176;886;142;4
Indet;Indet (okänt);Indet;;;;;;;;;;;;;
Iris;Iris;Iris;;;Iris;;;;;;;;;;
Jlvträd;Lövträd;Lövträd;;;;;;;;;;;;;
Jurpa;Jurpa;Jurpa;;;;;;;;;;;;;
Kalkbruk;Kalkbruk;Kalkbruk;;;;;;;;;;;;;
Kalv;Kalv;Nötkreatur;;taurus;Bos;;;;;;;;;;
Katt;Katt;Katt;;catus;Felis;;;;;;;;;;
Knopp;Knopp;Knopp;;;;;;;;;;;;;
Knylhavre;Knylhavre;Knylhavre;Juncus pygmaeus;fatua;Avena;knylhavre;2877;Juncus pygmaeus;Juncus;Juncaceae;Poales;2877;603;97;34
Ko;Ko;Nötkreatur;;taurus;Bos;;;;;;;;;;
Koprolit;Koprolit;Koprolit;;;;;;;;;;;;;
Korgblommiga;Korgblommiga;Korgblommiga;;;Asteraceae;;;;;Asteraceae;Asterales;;;27;15
Korn;Korn;Korn;;;Poaceae;;;;;Poaceae;Poales;;;141;34
Kornell;Kornell;Kornell;;Cornus;Cornaceae;;;;Cornus;Cornaceae;Cornales;;430;58;31
Kornhalm;Kornhalm;Korn;;;Poaceae;;;;;Poaceae;Poales;;;141;34
Kotefjjäl;Kottefjäll;Kottefjäll;;;;;;;;;;;;;
Kottefjäll;Kottefjäll;Kottefjäll;;;;;;;;;;;;;
Kronhjort;Kronhjort;Kronhjort;;elaphus;Cervus;;;;;;;;;;
Kråkbär;Kråkbär;Kråkbär;Polycnemum majus;nigrum;Empetrum;kråkbär;1740;Polycnemum majus;Polycnemum;Chenopodiaceae;Caryophyllales;1740;409;51;8
Kubbvete;Kubbvete;Kubbvete;;Triticum;Poaceae;;;;Triticum;Poaceae;Poales;;875;141;34
Kvist;Kvist;Kvist;;;;;;;;;;;;;
Kärrsköldpadda;Kärrsköldpadda;Kärrsköldpadda;;orbicularis;Emys;;;;;;;;;;
Lager;Lager (baylöv);Lager;;;Lauraceae;;;;;Lauraceae;Laurales;;;101;40
Lamm;Lamm;Får;;Ovis;Bovidae;;;;;;;;;;
Lid;Lid (löv);Löv;;;;;;;;;;;;;
Lin;Lin;Lin;Medicago sativa ssp × varia;usitatissimum;Linum;lin;2453;Medicago sativa ssp × varia;Medicago;Fabaceae;Fabales;2453;530;75;36
Lind;Lind;Lind;Gilia achilleifolia;Tilia;Malvaceae;lind;4164;Gilia achilleifolia;Tilia;Malvaceae;Malvales;4164;1052;111;27
Lindbast;Lindbast;Lind;Gilia achilleifolia;Tilia;Malvaceae;lind;4164;Gilia achilleifolia;Tilia;Malvaceae;Malvales;4164;1052;111;27
Linfiber;Linfiber;Lin;Medicago sativa ssp × varia;Linum;Linaceae;lin;2453;Medicago sativa ssp × varia;Linum;Linaceae;Malpighiales;2453;657;106;28
Linfrö;Linfrö;Lin;Medicago sativa ssp × varia;Linum;Linaceae;lin;2453;Medicago sativa ssp × varia;Linum;Linaceae;Malpighiales;2453;657;106;28
däggdjur;Däggdjur;Däggdjur;;;;;;;;;;;;;
Ljung;Ljung;Ljung;Chenopodium vulvaria;vulgaris;Calluna;ljung;1734;Chenopodium vulvaria;Chenopodium;Chenopodiaceae;Caryophyllales;1734;404;51;8
Läder;Läder;Läder;;;;;;;;;;;;;
Löbträd;Lövträd;Lövträd;;;;;;;;;;;;;
Lönn;Lönn;Lönn;Acer platanoides;Acer;Sapindaceae;lönn;5;Acer platanoides;Acer;Sapindaceae;Sapindales;5;3;161;2
Lövträ;Lövträd;Lövträd;;;;;;;;;;;;;
Lövträd;Lövträd;Lövträd;;;;;;;;;;;;;
Makrofossil;Makrofossil;Makrofossil;;;;;;;;;;;;;
Maloidea;Maloideae (underfamilj);Ärtväxt;;;Fabaceae;;;;;Fabaceae;Fabales;;;75;36
Maloideae;Maloideae (underfamilj);Ärtväxt;;;Fabaceae;;;;;Fabaceae;Fabales;;;75;36
Maloidear;Maloideae (underfamilj);Ärtväxt;;;Fabaceae;;;;;Fabaceae;Fabales;;;75;36
Matskopa;Matskopa;Matskopa;;;;;;;;;;;;;
Matskorpa;Matskorpa;Matskorpa;;;;;;;;;;;;;
Matskorpa;Matskorpa;Matskorpa;;;;;;;;;;;;;
Mjölon;Mjölon;Mjölon;Chenopodium virgatum;Chenopodium;Chenopodiaceae;mjölon;1733;Chenopodium virgatum;Chenopodium;Chenopodiaceae;Caryophyllales;1733;404;51;8
Mossa;Mossa;Mossa;;;;;;;;;;;;;
Murgröna;Murgröna;Murgröna;Selinum carvifolia;helix;Hedera;murgröna;243;Selinum carvifolia;Selinum;Apiaceae;Apiales;243;81;16;10
Måra;Måra;Måra;;;Stellaria;;;;;;;;;;
Männinska;Människa;Människa;;sapiens;Homo;;;;;;;;;;
Människa;Människa;Människa;;sapiens;Homo;;;;;;;;;;
Männska;Människa;Människa;;sapiens;Homo;;;;;;;;;;
Mört;Mört;Mört;Haliplus fluviatilis;Haliplus;HALIPLIDAE;;;Haliplus fluviatilis;Haliplus;HALIPLIDAE;ORDER PENDING CLASSIFICATION;29503;12757;1649;138
korn;Korn;Korn;;;Poaceae;;;;;Poaceae;Poales;;;141;34
kor;Nötkreatur;Nötkreatur;;Bos;Bovidae;;;;;;;;;;
korn;Korn;Korn;;;Poaceae;;;;;Poaceae;Poales;;;141;34
Nate;Nate;Nate;;;;;;;;;;;;;
Näver;Näver;Näver;;;;;;;;;;;;;
Nörkreatur;Nötkreatur;Nötkreatur;;Bos;Bovidae;;;;;;;;;;
Nöt;Nöt;Nötkreatur;;Bos;Bovidae;;;;;;;;;;
Nötboskap;Nötboskap;Nötkreatur;;Bos;Bovidae;;;;;;;;;;
Nötfiber;Nötfiber;Nötkreatur;;Bos;Bovidae;;;;;;;;;;
Nöthår;Nöthår;Nötkreatur;;Bos;Bovidae;;;;;;;;;;
Nötkreatur;Nötkreatur;Nötkreatur;;Bos;Bovidae;;;;;;;;;;
Nötkrestur;Nötkreatur;Nötkreatur;;Bos;Bovidae;;;;;;;;;;
hasselnöt;Hasselnöt;Hassel;Dianthus armeria;Corylus;Betulaceae;hassel;1458;Dianthus armeria;Corylus;Betulaceae;Fagales;1458;432;32;19
Oförkolnat;Oförkolnat material;Oförkolnat;;;;;;;;;;;;;
Ogräs;Ogräs;Ogräs;;;Poaceae;;;;;Poaceae;Poales;;;141;34
Oid;Oid (okänt);Okänt;;;;;;;;;;;;;
Okänt;Okänt;Okänt;;;;;;;;;;;;;
Olvon;Olvon;Olvon;Viburnum lanata;Viburnum;Olea;olvon;23;Viburnum lanata;Viburnum;Alliaceae;Asparagales;23;10;10;7
Ostron;Ostron;Ostron;;;;;;;;;;;;;
Oxel;Oxel;Oxel;Bromus japonicus;Bromus;Poaceae;oxel;3775;Bromus japonicus;Bromus;Poaceae;Poales;3775;791;141;34
Palsternacka;Palsternacka;Palsternacka;Eryngium giganteum;sativa;Pastinaca;palsternacka;194;Eryngium giganteum;Eryngium;Apiaceae;Apiales;194;60;16;10
Pollen;Pollen;Pollen;;;;;;;;;;;;;
Pomoidea;Pomoideae (underfamilj);Rosväxt;;;Rosaceae;;;;;Rosaceae;Rosales;;;154;22
Pomoideae;Pomoideae (underfamilj);Rosväxt;;;Rosaceae;;;;;Rosaceae;Rosales;;;154;22
Pärlhavre;Pärlhavre;Pärlhavre;Juncus minutulus;sativa;Avena;pärlhavre;2876;Juncus minutulus;Juncus;Juncaceae;Poales;2876;603;97;34
Ramslök;Ramslök;Ramslök;Allium schoenoprasum ssp schoenoprasum;ursinum;Allium;ramslök;68;Allium schoenoprasum ssp schoenoprasum;Allium;Araliaceae;Apiales;68;20;20;10
ran;Ren;Ren;;tarandus;Rangifer;;;;;;;;;;
Ren;Ren;Ren;;tarandus;Rangifer;;;;;;;;;;
Renhår;Renhår;Ren;;tarandus;Rangifer;;;;;;;;;;
Rhizom;Rhizom;Rhizom;;;;;;;;;;;;;
Ros;Ros;Ros;;;Rosa;;;;;;;;;;
Rosoideae;Rosoideae (underfamilj);Rosväxt;;;Rosaceae;;;;;Rosaceae;Rosales;;;154;22
Rosväxt;Rosväxt;Rosväxt;;;Rosaceae;;;;;Rosaceae;Rosales;;;154;22
Rot;Rot;Rot;;;;;;;;;;;;;
Rotfilt;Rotfilt;Rotfilt;;;;;;;;;;;;;
Rottråd;Rottråd;Rottråd;;;;;;;;;;;;;
Rottrådar;Rottrådar;Rottråd;;;;;;;;;;;;;
Rotttrådar;Rottrådar;Rottråd;;;;;;;;;;;;;
Rådjur;Rådjur;Rådjur;;capreolus;Capreolus;;;;;;;;;;
Råg;Råg;Råg;Lavatera thuringiaca;cereale;Secale;råg;3151;Lavatera thuringiaca;Lavatera;Malvaceae;Malvales;3151;674;111;27
Råglosta;Råglosta;Råg;Lavatera thuringiaca;Secale;Poaceae;råg;3151;Lavatera thuringiaca;Secale;Poaceae;Poales;3151;863;141;34
Räv;Räv;Räv;;vulpes;Vulpes;;;;;;;;;;
Rönn;Rönn;Rönn;Bromus hordeaceus ssp hordeaceus;Sorbus;Rosaceae;rönn;3771;Bromus hordeaceus ssp hordeaceus;Sorbus;Rosaceae;Rosales;3771;969;154;22
Sik;Sik;Sik;lavaretus;Coregonus;Salmonidae;;;;;;;;;;
Skalkorn;Skalkorn;Korn;;;Poaceae;;;;;Poaceae;Poales;;;141;34
Skalvete;Skalvete;Vete;Veratrum album;Triticum;Poaceae;vete;3180;Veratrum album;Triticum;Poaceae;Poales;3180;875;141;34
Skogskornell;Skogskornell;Skogskornell;Corrigiola litoralis;Cornus;Cornaceae;skogskornell;1455;Corrigiola litoralis;Cornus;Cornaceae;Cornales;1455;430;58;31
Skogsolvon;Skogsolvon;Skogsolvon;;;Olea;;;;;;;;;;
Smidesloppor;Smidesloppor;Smidesloppor;;;;;;;;;;;;;
Småsnärja;Småsnärja;Småsnärja;;media;Stellaria;;;;;;;;;;
Smörblomma;Smörblomma;Smörblomma;Gymnadenia conopsea var densiflora;Gymnadenia;Ranunculus;smörblomma;3413;Gymnadenia conopsea var densiflora;Gymnadenia;Orchidaceae;Asparagales;3413;724;127;7
Snärjmåra;Snärjmåra;Snärjmåra;Cynosurus echinatus;Cynosurus;Stellaria;snärjmåra;3816;Cynosurus echinatus;Cynosurus;Poaceae;Poales;3816;802;141;34
emmervete;Emmervete;Emmer;;dicoccum;Triticum;;;;;;;;;;
Sot;Sot;Sot;;;;;;;;;;;;;
Sotig;Sotig;Sotig;;;;;;;;;;;;;
Spel;Spelt;Spelt;;spelta;Triticum;;;;;;;;;;
Spelt;Spelt;Spelt;;spelta;Triticum;;;;;;;;;;
Spelt-;Spelt;Spelt;;spelta;Triticum;;;;;;;;;;
Speltvete;Speltvete;Spelt;;spelta;Triticum;;;;;;;;;;
Staeefrukter;Stenfrukter;Stenfrukt;;;Rosaceae;;;;;Rosaceae;Rosales;;;154;22
Stamdelar;Stamdelar;Stamdelar;;;;;;;;;;;;;
Starr;Starr;Starr;;;Carex;;;;;;;;;;
Starr;Starr;Starr;;;Carex;;;;;;;;;;
Starrfrukt;Starrfrukt;Starrfrukt;;;;;;;;;;;;;
Starrfrukter;Starrfrukter;Starrfrukt;;;;;;;;;;;;;
Stenbär;Stenbär;Stenbär;Avena fatua;vitis-idaea;Vaccinium;stenbär;3741;Avena fatua;Avena;Poaceae;Poales;3741;786;141;34
gräsätare;Gräsätare;Gräsätare;;;;;;;;;;;;;
Igelknopp;Igelknopp;Igelknopp;Polemonium acutiflorum;Polemonium;Polemoniaceae;igelknopp;4176;Polemonium acutiflorum;Polemonium;Polemoniaceae;Ericales;4176;886;142;4
hovdjur;Hovdjur;Hovdjur;;;;;;;;;;;;;
Strå;Strå;Strå;;;Poaceae;;;;;Poaceae;Poales;;;141;34
Strå;Strå;Strå;;;Poaceae;;;;;Poaceae;Poales;;;141;34
Stål;Stål;Stål;;;;;;;;;;;;;
däggdjur;Däggdjur;Däggdjur;;;;;;;;;;;;;
Svalört;Svalört;Svalört;Orchis mascula × spitzelii;carota;Daucus;svalört;3428;Orchis mascula × spitzelii;Orchis;Orchidaceae;Asparagales;3428;733;127;7
Svalörtsrot;Svalörtsrot;Svalört;Orchis mascula × spitzelii;carota;Daucus;svalört;3428;Orchis mascula × spitzelii;Orchis;Orchidaceae;Asparagales;3428;733;127;7
Svin;Svin;Svin;;Sus;Suidae;;;;;;;;;;
Svinbete;Svinbete;Svin;;Sus;Suidae;;;;;;;;;;
Svinmålla;Svinmålla;Svinmålla;Callitriche cophocarpa;sativa;Vicia;svinmålla;1339;Callitriche cophocarpa;Callitriche;Callitrichaceae;Lamiales;1339;353;41;1
Syska;Syska;Syska;;Sorbus;Rosaceae;;;;Sorbus;Rosaceae;Rosales;;969;154;22
Säd;Säd;Säd;;;Poaceae;;;;;Poaceae;Poales;;;141;34
Sädeskorn;Sädeskorn;Korn;;;Poaceae;;;;;Poaceae;Poales;;;141;34
Säl;Säl;Säl;;;Phocidae;;;;;;;;;;
Sälg;Sälg;Sälg;Fargesia murieliae;Salix;Salicaceae;sälg;3893;Fargesia murieliae;Salix;Salicaceae;Malpighiales;3893;984;158;28
Tagel;Tagel;Tagel;;;;;;;;;;;;;
Tall;Tall;Tall;Najas marina;Pinus;Pinaceae;tall;2797;Najas marina;Pinus;Pinaceae;Pinales;2797;764;137;33
Tallbark;Tallbark;Tall;Najas marina;Pinus;Pinaceae;tall;2797;Najas marina;Pinus;Pinaceae;Pinales;2797;764;137;33
Tallbarr;Tallbarr;Tall;Najas marina;Pinus;Pinaceae;tall;2797;Najas marina;Pinus;Pinaceae;Pinales;2797;764;137;33
Tallkotte;Tallkotte;Tall;Najas marina;Pinus;Pinaceae;tall;2797;Najas marina;Pinus;Pinaceae;Pinales;2797;764;137;33
Tallkottefjäll;Tallkottefjäll;Tall;Najas marina;Pinus;Pinaceae;tall;2797;Najas marina;Pinus;Pinaceae;Pinales;2797;764;137;33
Talll;Talllöv;Tall;Najas marina;Pinus;Pinaceae;tall;2797;Najas marina;Pinus;Pinaceae;Pinales;2797;764;137;33
Tamsvin;Tamsvin;Svin;;scrofa domesticus;Sus;;;;;;;;;;
Tandrot;Tandrot;Tandrot;Tripleurospermum maritimum ssp phaeocephalum;Tripleurospermum;Asteraceae;tandrot;925;Tripleurospermum maritimum ssp phaeocephalum;Tripleurospermum;Asteraceae;Asterales;925;245;27;15
Textil;Textil;Textil;;;;;;;;;;;;;
Textilfragment;Textilfragment;Textil;;;;;;;;;;;;;
Tibast;Tibast;Tibast;Collomia grandiflora;Collomia;Polemoniaceae;tibast;4161;Collomia grandiflora;Collomia;Polemoniaceae;Ericales;4161;880;142;4
Ticka;Ticka;Ticka;;;Ixodida;;;;;;;;;;
Tiggarranunkel;Tiggarranunkel;Tiggarranunkel;Euphrasia nemorosa × rostkoviana ssp rostkoviana;Euphrasia;Ranunculus;tiggarranunkel;3455;Euphrasia nemorosa × rostkoviana ssp rostkoviana;Euphrasia;Orobanchaceae;Lamiales;3455;739;128;1
Torne;Torne;Torne;;;;;;;;;;;;;
Torsk;Torsk;Torsk;morhua;Gadus;Gadidae;;;;;;;;;;
Trampört;Trampört;Trampört;;;;;;;;;;;;;
Triticum;Vete;Vete;Veratrum album;Triticum;Poaceae;vete;3180;Veratrum album;Triticum;Poaceae;Poales;3180;875;141;34
Triticum;Vete;Vete;Veratrum album;Triticum;Poaceae;vete;3180;Veratrum album;Triticum;Poaceae;Poales;3180;875;141;34
Triticum;Vete;Vete;Veratrum album;Triticum;Poaceae;vete;3180;Veratrum album;Triticum;Poaceae;Poales;3180;875;141;34
Triticum;Vete;Vete;Veratrum album;Triticum;Poaceae;vete;3180;Veratrum album;Triticum;Poaceae;Poales;3180;875;141;34
Triticum;Vete;Vete;Veratrum album;Triticum;Poaceae;vete;3180;Veratrum album;Triticum;Poaceae;Poales;3180;875;141;34
Triticum;Vete;Vete;Veratrum album;Triticum;Poaceae;vete;3180;Veratrum album;Triticum;Poaceae;Poales;3180;875;141;34
Try;Trä;Trä;;;;;;;;;;;;;
Träkol;Träkol;Träkol;;;;;;;;;;;;;
Tuvull;Tuvull;Tuvull;Bassia scoparia ssp densiflora;Bassia;Malvaceae;tuvull;1664;Bassia scoparia ssp densiflora;Bassia;Malvaceae;Malvales;1664;402;111;27
Tågvirke;Tågvirke;Tågvirke;;;;;;;;;;;;;
Ull;Ull;Ull;;;;;;;;;;;;;
Ulltextil;Ulltextil;Ulltextil;;;;;;;;;;;;;
Uroxe;Uroxe;Uroxe;;primigenius;Bos;;;;;;;;;;
Vaccinium;Vaccinium;Vaccinium;;;Vaccinium;;;;;;;;;;
Vattenstäkra;Vattenstäkra;Vattenstäkra;Daucus glochidiatus;lanceolata;Plantago;vattenstäkra;189;Daucus glochidiatus;Daucus;Cornaceae;Cornales;189;58;58;31
Vete;Vete;Vete;Veratrum album;Triticum;Poaceae;vete;3180;Veratrum album;Triticum;Poaceae;Poales;3180;875;141;34
Vicker;Vicker;Vicker;;;Trifolium;;;;;;;;;;
Vikare;Vikaresäl;Vikaresäl;;sibirica;Pusa;;;;;;;;;;
Vikaresäl;Vikaresäl;Vikaresäl;;sibirica;Pusa;;;;;;;;;;
Vildapel;Vildapelsin;Vildapelsin;;;Rutaceae;;;;;Rutaceae;Sapindales;;;157;2
Vildsvin;Vildsvin;Vildsvin;;scrofa;Sus;;;;;;;;;;
Vindruvskärna;Vindruvskärna;Vindruva;;;Vitis;;;;;;;;;;
Växtdelar;Växtdelar;Växtdelar;;;;;;;;;;;;;
Åkerkrassling;Åkerkrassling;Åkerkrassling;;;;;;;;;;;;;
Åkerpilört;Åkerpilört;Åkerpilört;Epilobium alsinifolium × palustre;Epilobium;Gentianaceae;åkerpilört;3242;Epilobium alsinifolium × palustre;Epilobium;Gentianaceae;Gentianales;3242;707;79;11
Älg;Älg;Älg;;alces;Alces;;;;;;;;;;
Äppelkärna;Äppelkärna;Äpple;;;Malus;;;;;;;;;;
Äpple;Äpple;Äpple;;;Malus;;;;;;;;;;
Ärta;Ärta;Ärta;;;Pisum;;;;;;;;;;
ört;Ört;Ört;;;;;;;;;;;;;
Örtdelar;Örtdelar;Ört;;;;;;;;;;;;;
Örtfragment;Örtfragment;Ört;;;;;;;;;;;;;
Örtstam;Örtstam;Ört;;;;;;;;;;;;;
Örtstam;Örtstam;Ört;;;;;;;;;;;;;
Örtstjälk;Örtstjälk;Ört;;;;;;;;;;;;;
Örtstjälkar;Örtstjälkar;Ört;;;;;;;;;;;;;
ötkreatur;Nötkreatur;Nötkreatur;;Bos;Bovidae;;;;;;;;;;
